id	mirna_name	mirna_sequence	article_pubmed_id	organism	tested_cell_line	treatment	tissue	method	experiment_type	gse_url	de_table_path
GSE210778_OE_miR_375_3p	hsa-miR-375-3p	UUUGUUCGUUCGGCUCGCGUGA	https://pubmed.ncbi.nlm.nih.gov/36074222	Homo sapiens	HUV-EC-C	Overexpression of miR-375-3p	Umbilical cord, Umbilical vein, Vascular endothelium	RNA-seq	OE	https://www.ncbi.nlm.nih.gov/geo/query/acc.cgi?acc=GSE210778	data/experiments/processed/GSE210778_edger_out_oe_hsa_miR_375_3p_oe.tsv
GSE109725_OE_miR_204_5p	hsa-miR-204-5p	UUCCCUUUGUCAUCCUAUGCCU	https://pubmed.ncbi.nlm.nih.gov/30737233	Homo sapiens	4T1	Overexpression of miR-204-5p	Breast	RNA-seq	OE	https://www.ncbi.nlm.nih.gov/geo/query/acc.cgi?acc=GSE109725	data/experiments/processed/GSE109725_edger_out_oe_hsa_miR_204_5p_525.tsv
GSE112859_OE_miR_574_3p	hsa-miR-574-3p	CACGCUCAUGCACACACCCACA	https://pubmed.ncbi.nlm.nih.gov/31562301	Homo sapiens	MGC-803	Overexpression of miR-574-3p	Gastric	RNA-seq	OE	https://www.ncbi.nlm.nih.gov/geo/query/acc.cgi?acc=GSE112859	data/experiments/processed/GSE112859_edger_out_oe_hsa_miR_574_3p_oe_3p.tsv
GSE112859_OE_miR_574_5p	hsa-miR-574-5p	UGAGUGUGUGUGUGUGAGUGUGU	https://pubmed.ncbi.nlm.nih.gov/31562301	Homo sapiens	MGC-803	Overexpression of miR-574-5p	Gastric	RNA-seq	OE	https://www.ncbi.nlm.nih.gov/geo/query/acc.cgi?acc=GSE112859	data/experiments/processed/GSE112859_edger_out_oe_hsa_miR_574_5p_oe_5p.tsv
GSE118315_KO_miR_124_3p	hsa-miR-124-3p	UAAGGCACGCGGUGAAUGCCAA	https://pubmed.ncbi.nlm.nih.gov/30292704	Homo sapiens	iNGN	Knockout of miR-124-3p	NA	RNA-seq	KO	https://www.ncbi.nlm.nih.gov/geo/query/acc.cgi?acc=GSE118315	data/experiments/processed/GSE118315_edger_out_ko_hsa_miR_124_3p_2.tsv
GSE124411_OE_miR_150_5p_1	hsa-miR-150-5p	UCUCCCAACCCUUGUACCAGUG	https://pubmed.ncbi.nlm.nih.gov/31833387	Homo sapiens	LX-2	Overexpression of miR-150-5p	Liver	RNA-seq	OE	https://www.ncbi.nlm.nih.gov/geo/query/acc.cgi?acc=GSE124411	data/experiments/processed/GSE124411_edger_out_oe_hsa_miR_150_5p_oe_line1.tsv
GSE124411_OE_miR_150_5p_2	hsa-miR-150-5p	UCUCCCAACCCUUGUACCAGUG	https://pubmed.ncbi.nlm.nih.gov/31833387	Homo sapiens	QSG-7701	Overexpression of miR-150-5p	Liver	RNA-seq	OE	https://www.ncbi.nlm.nih.gov/geo/query/acc.cgi?acc=GSE124411	data/experiments/processed/GSE124411_edger_out_oe_hsa_miR_150_5p_oe_line2.tsv
GSE124530_OE_miR_10a_5p	hsa-miR-10a-5p	UACCCUGUAGAUCCGAAUUUGUG	https://pubmed.ncbi.nlm.nih.gov/30670076	Homo sapiens	HeLa	Overexpression of hsa-miR-10a-5p	Cervix	RNA-seq	OE	https://www.ncbi.nlm.nih.gov/geo/query/acc.cgi?acc=GSE124530	data/experiments/processed/GSE124530_edger_out_oe_hsa_miR_10a_5p_oe_10a5p.tsv
GSE124530_OE_miR_107	hsa-miR-107	AGCAGCAUUGUACAGGGCUAUCA	https://pubmed.ncbi.nlm.nih.gov/30670076	Homo sapiens	HeLa	Overexpression of hsa-miR-107	Cervix	RNA-seq	OE	https://www.ncbi.nlm.nih.gov/geo/query/acc.cgi?acc=GSE124530	data/experiments/processed/GSE124530_edger_out_oe_hsa_miR_107_oe_107.tsv
GSE124530_OE_miR_124_3p	hsa-miR-124-3p	UAAGGCACGCGGUGAAUGCCAA	https://pubmed.ncbi.nlm.nih.gov/30670076	Homo sapiens	HeLa	Overexpression of hsa-miR-124-3p	Cervix	RNA-seq	OE	https://www.ncbi.nlm.nih.gov/geo/query/acc.cgi?acc=GSE124530	data/experiments/processed/GSE124530_edger_out_oe_hsa_miR_124_3p_oe_1243p.tsv
GSE124530_OE_miR_126_3p	hsa-miR-126-3p	UCGUACCGUGAGUAAUAAUGCG	https://pubmed.ncbi.nlm.nih.gov/30670076	Homo sapiens	HeLa	Overexpression of hsa-miR-126-3p	Cervix	RNA-seq	OE	https://www.ncbi.nlm.nih.gov/geo/query/acc.cgi?acc=GSE124530	data/experiments/processed/GSE124530_edger_out_oe_hsa_miR_126_3p_oe_1263p.tsv
GSE124530_OE_miR_126_5p	hsa-miR-126-5p	CAUUAUUACUUUUGGUACGCG	https://pubmed.ncbi.nlm.nih.gov/30670076	Homo sapiens	HeLa	Overexpression of hsa-miR-126-5p	Cervix	RNA-seq	OE	https://www.ncbi.nlm.nih.gov/geo/query/acc.cgi?acc=GSE124530	data/experiments/processed/GSE124530_edger_out_oe_hsa_miR_126_5p_oe_1265p.tsv
GSE124530_OE_miR_133b	hsa-miR-133b	UUUGGUCCCCUUCAACCAGCUA	https://pubmed.ncbi.nlm.nih.gov/30670076	Homo sapiens	HeLa	Overexpression of hsa-miR-133b	Cervix	RNA-seq	OE	https://www.ncbi.nlm.nih.gov/geo/query/acc.cgi?acc=GSE124530	data/experiments/processed/GSE124530_edger_out_oe_hsa_miR_133b_oe_133b.tsv
GSE124530_OE_miR_142_3p	hsa-miR-142-3p	UGUAGUGUUUCCUACUUUAUGGA	https://pubmed.ncbi.nlm.nih.gov/30670076	Homo sapiens	HeLa	Overexpression of hsa-miR-142-3p	Cervix	RNA-seq	OE	https://www.ncbi.nlm.nih.gov/geo/query/acc.cgi?acc=GSE124530	data/experiments/processed/GSE124530_edger_out_oe_hsa_miR_142_3p_oe_1423p.tsv
GSE124530_OE_miR_145_5p	hsa-miR-145-5p	GUCCAGUUUUCCCAGGAAUCCCU	https://pubmed.ncbi.nlm.nih.gov/30670076	Homo sapiens	HeLa	Overexpression of hsa-miR-145-5p	Cervix	RNA-seq	OE	https://www.ncbi.nlm.nih.gov/geo/query/acc.cgi?acc=GSE124530	data/experiments/processed/GSE124530_edger_out_oe_hsa_miR_145_5p_oe_1455p.tsv
GSE124530_OE_miR_146a_5p	hsa-miR-146a-5p	UGAGAACUGAAUUCCAUGGGUU	https://pubmed.ncbi.nlm.nih.gov/30670076	Homo sapiens	HeLa	Overexpression of hsa-miR-146a-5p	Cervix	RNA-seq	OE	https://www.ncbi.nlm.nih.gov/geo/query/acc.cgi?acc=GSE124530	data/experiments/processed/GSE124530_edger_out_oe_hsa_miR_146a_5p_oe_146a5p.tsv
GSE124530_OE_miR_155_5p	hsa-miR-155-5p	UUAAUGCUAAUCGUGAUAGGGGUU	https://pubmed.ncbi.nlm.nih.gov/30670076	Homo sapiens	HeLa	Overexpression of hsa-miR-155-5p	Cervix	RNA-seq	OE	https://www.ncbi.nlm.nih.gov/geo/query/acc.cgi?acc=GSE124530	data/experiments/processed/GSE124530_edger_out_oe_hsa_miR_155_5p_oe_1555p.tsv
GSE124530_OE_miR_15a_5p	hsa-miR-15a-5p	UAGCAGCACAUAAUGGUUUGUG	https://pubmed.ncbi.nlm.nih.gov/30670076	Homo sapiens	HeLa	Overexpression of hsa-miR-15a-5p	Cervix	RNA-seq	OE	https://www.ncbi.nlm.nih.gov/geo/query/acc.cgi?acc=GSE124530	data/experiments/processed/GSE124530_edger_out_oe_hsa_miR_15a_5p_oe_15a5p.tsv
GSE124530_OE_miR_16_5p	hsa-miR-16-5p	UAGCAGCACGUAAAUAUUGGCG	https://pubmed.ncbi.nlm.nih.gov/30670076	Homo sapiens	HeLa	Overexpression of hsa-miR-16-5p	Cervix	RNA-seq	OE	https://www.ncbi.nlm.nih.gov/geo/query/acc.cgi?acc=GSE124530	data/experiments/processed/GSE124530_edger_out_oe_hsa_miR_16_5p_oe_165p.tsv
GSE124530_OE_miR_17_5p	hsa-miR-17-5p	CAAAGUGCUUACAGUGCAGGUAG	https://pubmed.ncbi.nlm.nih.gov/30670076	Homo sapiens	HeLa	Overexpression of hsa-miR-17-5p	Cervix	RNA-seq	OE	https://www.ncbi.nlm.nih.gov/geo/query/acc.cgi?acc=GSE124530	data/experiments/processed/GSE124530_edger_out_oe_hsa_miR_17_5p_oe_175p.tsv
GSE124530_OE_miR_193b_3p	hsa-miR-193b-3p	AACUGGCCCUCAAAGUCCCGCU	https://pubmed.ncbi.nlm.nih.gov/30670076	Homo sapiens	HeLa	Overexpression of hsa-miR-193b-3p	Cervix	RNA-seq	OE	https://www.ncbi.nlm.nih.gov/geo/query/acc.cgi?acc=GSE124530	data/experiments/processed/GSE124530_edger_out_oe_hsa_miR_193b_3p_oe_193b3p.tsv
GSE124530_OE_miR_200a_3p	hsa-miR-200a-3p	UAACACUGUCUGGUAACGAUGU	https://pubmed.ncbi.nlm.nih.gov/30670076	Homo sapiens	HeLa	Overexpression of hsa-miR-200a-3p	Cervix	RNA-seq	OE	https://www.ncbi.nlm.nih.gov/geo/query/acc.cgi?acc=GSE124530	data/experiments/processed/GSE124530_edger_out_oe_hsa_miR_200a_3p_oe_200a3p.tsv
GSE124530_OE_miR_200b_3p	hsa-miR-200b-3p	UAAUACUGCCUGGUAAUGAUGA	https://pubmed.ncbi.nlm.nih.gov/30670076	Homo sapiens	HeLa	Overexpression of hsa-miR-200b-3p	Cervix	RNA-seq	OE	https://www.ncbi.nlm.nih.gov/geo/query/acc.cgi?acc=GSE124530	data/experiments/processed/GSE124530_edger_out_oe_hsa_miR_200b_3p_oe_200b3p.tsv
GSE124530_OE_miR_200c_3p	hsa-miR-200c-3p	UAAUACUGCCGGGUAAUGAUGGA	https://pubmed.ncbi.nlm.nih.gov/30670076	Homo sapiens	HeLa	Overexpression of hsa-miR-200c-3p	Cervix	RNA-seq	OE	https://www.ncbi.nlm.nih.gov/geo/query/acc.cgi?acc=GSE124530	data/experiments/processed/GSE124530_edger_out_oe_hsa_miR_200c_3p_oe_200c.tsv
GSE124530_OE_miR_206	hsa-miR-206	UGGAAUGUAAGGAAGUGUGUGG	https://pubmed.ncbi.nlm.nih.gov/30670076	Homo sapiens	HeLa	Overexpression of hsa-miR-206	Cervix	RNA-seq	OE	https://www.ncbi.nlm.nih.gov/geo/query/acc.cgi?acc=GSE124530	data/experiments/processed/GSE124530_edger_out_oe_hsa_miR_206_oe_206.tsv
GSE124530_OE_miR_210_3p	hsa-miR-210-3p	CUGUGCGUGUGACAGCGGCUGA	https://pubmed.ncbi.nlm.nih.gov/30670076	Homo sapiens	HeLa	Overexpression of hsa-miR-210-3p	Cervix	RNA-seq	OE	https://www.ncbi.nlm.nih.gov/geo/query/acc.cgi?acc=GSE124530	data/experiments/processed/GSE124530_edger_out_oe_hsa_miR_210_3p_oe_2103p.tsv
GSE124530_OE_miR_21_5p	hsa-miR-21-5p	UAGCUUAUCAGACUGAUGUUGA	https://pubmed.ncbi.nlm.nih.gov/30670076	Homo sapiens	HeLa	Overexpression of hsa-miR-21-5p	Cervix	RNA-seq	OE	https://www.ncbi.nlm.nih.gov/geo/query/acc.cgi?acc=GSE124530	data/experiments/processed/GSE124530_edger_out_oe_hsa_miR_21_5p_oe_215p.tsv
GSE124530_OE_miR_31_5p	hsa-miR-31-5p	AGGCAAGAUGCUGGCAUAGCU	https://pubmed.ncbi.nlm.nih.gov/30670076	Homo sapiens	HeLa	Overexpression of hsa-miR-31-5p	Cervix	RNA-seq	OE	https://www.ncbi.nlm.nih.gov/geo/query/acc.cgi?acc=GSE124530	data/experiments/processed/GSE124530_edger_out_oe_hsa_miR_31_5p_oe_315p.tsv
GSE124530_OE_miR_34a_5p	hsa-miR-34a-5p	UGGCAGUGUCUUAGCUGGUUGU	https://pubmed.ncbi.nlm.nih.gov/30670076	Homo sapiens	HeLa	Overexpression of hsa-miR-34a-5p	Cervix	RNA-seq	OE	https://www.ncbi.nlm.nih.gov/geo/query/acc.cgi?acc=GSE124530	data/experiments/processed/GSE124530_edger_out_oe_hsa_miR_34a_5p_oe_34a5p.tsv
GSE124530_OE_let_7c_5p	hsa-let-7c-5p	UGAGGUAGUAGGUUGUAUGGUU	https://pubmed.ncbi.nlm.nih.gov/30670076	Homo sapiens	HeLa	Overexpression of hsa-let-7c-5p	Cervix	RNA-seq	OE	https://www.ncbi.nlm.nih.gov/geo/query/acc.cgi?acc=GSE124530	data/experiments/processed/GSE124530_edger_out_oe_hsa_let_7c_5p_oe_7c5p.tsv
GSE124530_OE_miR_9_3p	hsa-miR-9-3p	AUAAAGCUAGAUAACCGAAAGU	https://pubmed.ncbi.nlm.nih.gov/30670076	Homo sapiens	HeLa	Overexpression of hsa-miR-9-3p	Cervix	RNA-seq	OE	https://www.ncbi.nlm.nih.gov/geo/query/acc.cgi?acc=GSE124530	data/experiments/processed/GSE124530_edger_out_oe_hsa_miR_9_3p_oe_93p.tsv
GSE124530_OE_miR_9_5p	hsa-miR-9-5p	UCUUUGGUUAUCUAGCUGUAUGA	https://pubmed.ncbi.nlm.nih.gov/30670076	Homo sapiens	HeLa	Overexpression of hsa-miR-9-5p	Cervix	RNA-seq	OE	https://www.ncbi.nlm.nih.gov/geo/query/acc.cgi?acc=GSE124530	data/experiments/processed/GSE124530_edger_out_oe_hsa_miR_9_5p_oe_95p.tsv
GSE129076_OE_miR_450a_5p_1	hsa-miR-450a-5p	UUUUGCGAUGUGUUCCUAAUAU	https://pubmed.ncbi.nlm.nih.gov/31101765	Homo sapiens	A2780	Overexpression of hsa-miR-450a-5p	Ovary	RNA-seq	OE	https://www.ncbi.nlm.nih.gov/geo/query/acc.cgi?acc=GSE129076	data/experiments/processed/GSE129076_edger_out_oe_hsa_miR_450a_5p_line_1.tsv
GSE129076_OE_miR_450a_5p_2	hsa-miR-450a-5p	UUUUGCGAUGUGUUCCUAAUAU	https://pubmed.ncbi.nlm.nih.gov/31101765	Homo sapiens	SKOV-3	Overexpression of miR-450a-5p	Ovary	RNA-seq	OE	https://www.ncbi.nlm.nih.gov/geo/query/acc.cgi?acc=GSE129076	data/experiments/processed/GSE129076_edger_out_oe_hsa_miR_450a_5p_line_2.tsv
GSE148827_OE_miR_1271_5p	hsa-miR-1271-5p	CUUGGCACCUAGCAAGCACUCA	https://pubmed.ncbi.nlm.nih.gov/32325711	Homo sapiens	SH-SY5Y	Overexpression of miR-1271-5p	Bone Marrow	RNA-seq	OE	https://www.ncbi.nlm.nih.gov/geo/query/acc.cgi?acc=GSE148827	data/experiments/processed/GSE148827_edger_out_oe_hsa_miR_1271_5p_mrna_oe.tsv
GSE148827_KO_miR_1271_5p	hsa-miR-1271-5p	CUUGGCACCUAGCAAGCACUCA	https://pubmed.ncbi.nlm.nih.gov/32325711	Homo sapiens	SH-SY5Y	Knockout of miR-1271-5p	Bone Marrow	RNA-seq	KO	https://www.ncbi.nlm.nih.gov/geo/query/acc.cgi?acc=GSE148827	data/experiments/processed/GSE148827_edger_out_ko_hsa_miR_1271_5p_mrna_ko.tsv
GSE154968_OE_miR_21_3p	hsa-miR-21-3p	CAACACCAGUCGAUGGGCUGU	https://pubmed.ncbi.nlm.nih.gov/34685526	Homo sapiens	HaCaT	Overexpression of miR-21-3p	Skin	RNA-seq	OE	https://www.ncbi.nlm.nih.gov/geo/query/acc.cgi?acc=GSE154968	data/experiments/processed/GSE154968_edger_out_oe_hsa_miR_21_3p.tsv
GSE160736_OE_miR_642a_5p	hsa-miR-642a-5p	GUCCCUCUCCAAAUGUGUCUUG	https://pubmed.ncbi.nlm.nih.gov/34504167	Homo sapiens	22Rv1	Overexpression of miR-642a-5p	Prostate	RNA-seq	OE	https://www.ncbi.nlm.nih.gov/geo/query/acc.cgi?acc=GSE160736	data/experiments/processed/GSE160736_edger_out_oe_hsa_miR_642a_5p.tsv
GSE160906_KO_miR_378a_3p_1	hsa-miR-378a-3p	ACUGGACUUGGAGUCAGAAGGC	https://pubmed.ncbi.nlm.nih.gov/34244572	Homo sapiens	NA	Knockout of miR-378a-3p for 24 hours	Skin	RNA-seq	KO	https://www.ncbi.nlm.nih.gov/geo/query/acc.cgi?acc=GSE160906	data/experiments/processed/GSE160906_edger_out_ko_hsa_miR_378a_3p_24h_inhibitor.tsv
GSE160906_KO_miR_378a_3p_2	hsa-miR-378a-3p	ACUGGACUUGGAGUCAGAAGGC	https://pubmed.ncbi.nlm.nih.gov/34244572	Homo sapiens	NA	Knockout of miR-378a-3p for 48 hours	Skin	RNA-seq	KO	https://www.ncbi.nlm.nih.gov/geo/query/acc.cgi?acc=GSE160906	data/experiments/processed/GSE160906_edger_out_ko_hsa_miR_378a_3p_48h_inhibitor.tsv
GSE160906_OE_miR_378a_3p_1	hsa-miR-378a-3p	ACUGGACUUGGAGUCAGAAGGC	https://pubmed.ncbi.nlm.nih.gov/34244572	Homo sapiens	NA	Overexpression of miR-378a-3p for 24 hours	Skin	RNA-seq	OE	https://www.ncbi.nlm.nih.gov/geo/query/acc.cgi?acc=GSE160906	data/experiments/processed/GSE160906_edger_out_oe_hsa_miR_378a_3p_24h_mimic.tsv
GSE160906_OE_miR_378a_3p_2	hsa-miR-378a-3p	ACUGGACUUGGAGUCAGAAGGC	https://pubmed.ncbi.nlm.nih.gov/34244572	Homo sapiens	NA	Overexpression of miR-378a-3p for 48 hours	Skin	RNA-seq	OE	https://www.ncbi.nlm.nih.gov/geo/query/acc.cgi?acc=GSE160906	data/experiments/processed/GSE160906_edger_out_oe_hsa_miR_378a_3p_48h_mimic.tsv
GSE165469_OE_miR_340_5p	hsa-miR-340-5p	UUAUAAAGCAAUGAGACUGAUU	https://pubmed.ncbi.nlm.nih.gov/34181735	Homo sapiens	WI-38	Overexpression of miR-340-5p	Lung	RNA-seq	OE	https://www.ncbi.nlm.nih.gov/geo/query/acc.cgi?acc=GSE165469	data/experiments/processed/GSE165469_edger_out_oe_hsa_miR_340_5p_oe.tsv
GSE165469_KO_miR_340_5p	hsa-miR-340-5p	UUAUAAAGCAAUGAGACUGAUU	https://pubmed.ncbi.nlm.nih.gov/34181735	Homo sapiens	WI-38	Knockout of miR-340-5p	Lung	RNA-seq	KO	https://www.ncbi.nlm.nih.gov/geo/query/acc.cgi?acc=GSE165469	data/experiments/processed/GSE165469_edger_out_ko_hsa_miR_340_5p_ko.tsv
GSE168484_OE_miR_20b_5p	hsa-miR-20b-5p	CAAAGUGCUCAUAGUGCAGGUAG	https://pubmed.ncbi.nlm.nih.gov/34964438	Homo sapiens	Hep G2	Overexpression of miR-20b-5p	Liver	RNA-seq	OE	https://www.ncbi.nlm.nih.gov/geo/query/acc.cgi?acc=GSE168484	data/experiments/processed/GSE168484_edger_out_oe_hsa_miR_20b_5p_oe.tsv
GSE169128_KO_miR_3662	hsa-miR-3662	GAAAAUGAUGAGUAGUGACUGAUG	https://pubmed.ncbi.nlm.nih.gov/34728806	Homo sapiens	MDA-MB-231	Knockout of hsa-miR-3662	Breast	RNA-seq	KO	https://www.ncbi.nlm.nih.gov/geo/query/acc.cgi?acc=GSE169128	data/experiments/processed/GSE169128_edger_out_ko_hsa_miR_3662_ko.tsv
GSE179399_KO_miR_3662	hsa-miR-3662	GAAAAUGAUGAGUAGUGACUGAUG	https://pubmed.ncbi.nlm.nih.gov/35501464	Homo sapiens	LNCaP clone FGC	Knockout of hsa-miR-3662	Prostate	RNA-seq	KO	https://www.ncbi.nlm.nih.gov/geo/query/acc.cgi?acc=GSE179399	data/experiments/processed/GSE179399_edger_out_ko_hsa_miR_3662_ko.tsv
GSE184338_OE_miR_128_3p	hsa-miR-128-3p	UCACAGUGAACCGGUCUCUUU	https://pubmed.ncbi.nlm.nih.gov/36357926	Homo sapiens	HeLa	Overexpression of miR-128-3p	Uterus, Cervix	RNA-seq	OE	https://www.ncbi.nlm.nih.gov/geo/query/acc.cgi?acc=GSE184338	data/experiments/processed/GSE184338_edger_out_oe_hsa_miR_128_3p_oe_128.tsv
GSE184338_OE_miR_148a_3p	hsa-miR-148a-3p	UCAGUGCACUACAGAACUUUGU	https://pubmed.ncbi.nlm.nih.gov/36357926	Homo sapiens	HeLa	Overexpression of miR-148-3p	Uterus, Cervix	RNA-seq	OE	https://www.ncbi.nlm.nih.gov/geo/query/acc.cgi?acc=GSE184338	data/experiments/processed/GSE184338_edger_out_oe_hsa_miR_148a_3p_oe_148.tsv
GSE202135_OE_miR_130a_3p	hsa-miR-130a-3p	CAGUGCAAUGUUAAAAGGGCAU	https://pubmed.ncbi.nlm.nih.gov/NA	Homo sapiens	NA	Overexpression of miR-130a-3	Bone Marrow	RNA-seq	OE	https://www.ncbi.nlm.nih.gov/geo/query/acc.cgi?acc=GSE202135	data/experiments/processed/GSE202135_edger_out_oe_hsa_miR_130a_3p_oe_130a.tsv
GSE202135_OE_miR_130b_3p	hsa-miR-130b-3p	CAGUGCAAUGAUGAAAGGGCAU	https://pubmed.ncbi.nlm.nih.gov/NA	Homo sapiens	NA	Overexpression of miR-130b-3	Bone Marrow	RNA-seq	OE	https://www.ncbi.nlm.nih.gov/geo/query/acc.cgi?acc=GSE202135	data/experiments/processed/GSE202135_edger_out_oe_hsa_miR_130b_3p_oe_130b.tsv
GSE209535_OE_miR_483_3p	hsa-miR-483-3p	UCACUCCUCUCCUCCCGUCUU	https://pubmed.ncbi.nlm.nih.gov/36862005	Homo sapiens	NA	Overexpression of miR-483-3p	Colorectal	RNA-seq	OE	https://www.ncbi.nlm.nih.gov/geo/query/acc.cgi?acc=GSE209535	data/experiments/processed/GSE209535_edger_out_oe_hsa_miR_483_3p_oe_264.tsv
GSE93717_OE_miR_941	hsa-miR-941	CACCCGGCUGUGUGCACAUGUGC	https://pubmed.ncbi.nlm.nih.gov/29474580	Homo sapiens	293T	Overexpression of miR-941	Kidney	RNA-seq	OE	https://www.ncbi.nlm.nih.gov/geo/query/acc.cgi?acc=GSE93717	data/experiments/processed/GSE93717_edger_out_oe_hsa_miR_941.tsv
